Municipality,County,Municipality,Year,Utility,Residential Electricity,Commercial Electricity,Industrial Electricity,Street Lighting Electricity,Total Electricity (kWh),Utility,Residential Natural Gas,Commercial Natural Gas,Industrial Natural Gas,Street Lighting Natural Gas,Total Natural Gas (Therms)
Aberdeen township,Monmouth,Aberdeen township  Monmouth County,2021,JCPL,61144726,27735631,837496,754056,90471909,NJNG,5163106,1188122,CWC,NDA,6351228
Absecon city,Atlantic,Absecon city  Atlantic County,2021,ACE,34951610,29448480,NDA,509508,64909598,SJG,2566569,1518760,NDA,NDA,4085329
Alexandria township,Hunterdon,Alexandria township  Hunterdon County,2021,JCPL,24574772,4641731,62080,24588,29303171,ETG,NDA,NDA,NDA,NDA,0
Allamuchy township,Warren,Allamuchy township  Warren County,2021,JCPL,20518656,5861348,728512,174288,27282804,ETG,3397057,113509,620752,NDA,4131318
Allendale borough,Bergen,Allendale borough  Bergen County,2021,RECO/PSEG,28222487,26979694,NDA,112185,55314366,PSEG,3481728,1227296,13708,NDA,4722732
Allenhurst borough,Monmouth,Allenhurst borough  Monmouth County,2021,JCPL,5832469,2483311,16189,91572,8423541,NJNG,548612,81880,CWC,NDA,630492
Allentown borough,Monmouth,Allentown borough  Monmouth County,2021,PSEG,6667524,4810877,66462,158961,11703824,PSEG,528183,265266,6119,NDA,799568
Alpha borough,Warren,Alpha borough  Warren County,2021,JCPL,8601564,19164847,1550431,48480,29365322,ETG,899881,631334,NDA,NDA,1531215
Andover township,Sussex,Andover township  Sussex County,2021,JCPL,27337283,12433984,949638,51696,40772601,ETG,635307,1361957,1222654,NDA,3219918
Asbury Park city,Monmouth,Asbury Park city  Monmouth County,2021,JCPL,39173387,58129401,2705520,1293319,101301627,NJNG,2640599,2970599,CWC,NDA,5611198
Atlantic City city,Atlantic,Atlantic City city  Atlantic County,2021,ACE,85512179,925453428,4500,7271156,1018241263,SJG,6414631,70946311,10983971,NDA,88344913
Atlantic Highlands borough,Monmouth,Atlantic Highlands borough  Monmouth County,2021,JCPL,19515498,10246148,145698,310368,30217712,NJNG,28630901,9433135,CWC,NDA,38064036
Audubon borough,Camden,Audubon borough  Camden County,2021,PSEG,29564402,22479446,97967,376004,52517819,PSEG,2487276,950149,14182,NDA,3451607
Audubon Park borough,Camden,Audubon Park borough  Camden County,2021,PSEG,NDA,NDA,NDA,2501,2501,SJG,NDA,NDA,NDA,NDA,0
Avalon borough,Cape May,Avalon borough  Cape May County,2021,ACE,51146711,14457671,NDA,401073,66005455,SJG,3189400,862614,NDA,NDA,4052014
Barnegat Light borough,Ocean,Barnegat Light borough  Ocean County,2021,ACE,9658849,3813733,NDA,69631,13542213,NJNG,543028,95424,CWC,NDA,638452
Barnegat township,Ocean,Barnegat township  Ocean County,2021,JCPL/ACE,96140267,29551809,462783,1069214,127224073,NJNG,7288746,742095,CWC,NDA,8030841
Barrington borough,Camden,Barrington borough  Camden County,2021,PSEG,23450193,19055246,211597,476105,43193141,PSEG/SJG,1670893,902899,730446,NDA,3304238
Bass River township,Burlington,Bass River township  Burlington County,2021,ACE,5348701,2921518,5717584,76247,14064050,NJNG,5399448,1955095,CWC,NDA,7354543
Bay Head borough,Ocean,Bay Head borough  Ocean County,2021,JCPL,10996326,3748723,4141229,33120,18919398,NJNG,1003372,143098,CWC,NDA,1146470
Bayonne city,Hudson,Bayonne city  Hudson County,2021,PSEG,152391139,167606170,30033083,5057336,355087728,PSEG,15464873,15773818,307656,NDA,31546347
Beach Haven borough,Ocean,Beach Haven borough  Ocean County,2021,ACE,35909217,14337477,NDA,228285,50474979,NJNG,6072626,799816,CWC,NDA,6872442
Beachwood borough,Ocean,Beachwood borough  Ocean County,2021,JCPL,37767637,6615196,385411,141936,44910180,NJNG,3267868,369661,CWC,NDA,3637529
Bedminster township,Somerset,Bedminster township  Somerset County,2021,JCPL,32591792,72236341,474335,40920,105343388,PSEG,2168552,692681,NDA,NDA,2861233
Belleville township,Essex,Belleville township  Essex County,2021,PSEG,85742128,72286454,4173262,2284151,164485995,PSEG,8972137,5314085,244916,NDA,14531138
Bellmawr borough,Camden,Bellmawr borough  Camden County,2021,PSEG,35949713,49799701,17042512,657917,103449843,PSEG,2710112,4256382,478891,NDA,7445385
Belmar borough,Monmouth,Belmar borough  Monmouth County,2021,JCPL,27012138,16863714,554254,209939,44640045,NJNG,2143132,937157,CWC,NDA,3080289
Belvidere town,Warren,Belvidere town  Warren County,2021,JCPL,10739574,5122071,60772218,90900,76724763,ETG,606758,482669,33792804,NDA,34882232
Bergenfield borough,Bergen,Bergenfield borough  Bergen County,2021,PSEG,69607368,26965984,658059,1146635,98378046,PSEG,7413450,2354439,65631,NDA,9833520
Berkeley heights township,Union,Berkeley heights township  Union County,2021,PSEG/JCPL,45712802,99776266,6188287,368184,152045539,PSEG,5052953,3547771,266505,NDA,8867229
Berkeley township,Ocean,Berkeley township  Ocean County,2021,JCPL,167858591,57568674,17445431,1694949,244567645,NJNG,2184635,388613,CWC,NDA,2573248
Berlin borough,Camden,Berlin borough  Camden County,2021,ACE,39621541,39813249,83022389,368537,162825716,SJG,2676318,2131588,35841,NDA,4843747
Berlin township,Camden,Berlin township  Camden County,2021,ACE,24683081,20294069,1008375,217839,46203364,SJG,1336339,2468441,4016,NDA,3808796
Bernards township,Somerset,Bernards township  Somerset County,2021,JCPL,118189716,118489129,5715216,158076,242552137,PSEG,11228257,5265745,45702,NDA,16539704
Bernardsville borough,Somerset,Bernardsville borough  Somerset County,2021,JCPL,47713081,21048205,14562416,210552,83534254,PSEG,3913042,1025997,330399,NDA,5269438
Beverly city,Burlington,Beverly city  Burlington County,2021,PSEG,8356868,1987440,44045,227783,10616136,PSEG,762289,96546,6773,NDA,865608
Blairstown township,Warren,Blairstown township  Warren County,2021,JCPL,29343790,14092204,901588,52416,44389998,ETG,NDA,NDA,NDA,NDA,0
Bloomingdale borough,Passaic,Bloomingdale borough  Passaic County,2021,JCPL,176673,NDA,NDA,NDA,176673,PSEG,2266706,422868,15990,NDA,2705564
Bloomsbury borough,Hunterdon,Bloomsbury borough  Hunterdon County,2021,JCPL,3837278,2824348,666840,35844,7364310,ETG,146786,50883,NDA,NDA,197669
Bogota borough,Bergen,Bogota borough  Bergen County,2021,PSEG,21358167,8014780,552051,390878,30315876,PSEG,2370541,754278,43732,NDA,3168551
Boonton Town,Morris,Boonton Town  Morris County,2021,JCPL,26994673,22869026,1402761,269460,51535920,NJNG,2763048,1513159,CWC,NDA,4276207
Boonton township,Morris,Boonton township  Morris County,2021,JCPL,22668193,20272896,13886130,756,56827975,NJNG,752984,658026,CWC,NDA,1411010
Bordentown city,Burlington,Bordentown city  Burlington County,2021,PSEG,12744764,7610986,76589,241894,20674233,PSEG,1110628,548476,7949,NDA,1667053
Bordentown township,Burlington,Bordentown township  Burlington County,2021,PSEG,36703844,59253058,3506969,783415,100247286,PSEG,2911453,2395786,97027,NDA,5404266
Bound Brook borough,Somerset,Bound Brook borough  Somerset County,2021,PSEG,28299191,22146803,2240979,825196,53512169,PSEG,2753801,1279261,75704,NDA,4108765
Bradley Beach borough,Monmouth,Bradley Beach borough  Monmouth County,2021,JCPL,17284653,7539339,105848,NDA,24929840,NJNG,1551611,494217,CWC,NDA,2045828
Branchville borough,Sussex,Branchville borough  Sussex County,2021,JCPL,4074184,4689213,623,39684,8803704,ETG,NDA,NDA,NDA,NDA,0
Brick township,Ocean,Brick township  Ocean County,2021,JCPL,303276702,150491584,18196777,3031443,474996506,NJNG,20725854,5706059,CWC,NDA,26431913
Bridgeton city,Cumberland,Bridgeton city  Cumberland County,2021,ACE,116902601,149472228,73333858,1013710,340722397,SJG,3309830,5845321,35633156,NDA,44788306
Bridgewater township,Somerset,Bridgewater township  Somerset County,2021,PSEG/JCPL,152914641,335188386,59350964,2938323,550392314,PSEG,15313490,11470181,8203341,NDA,34987012
Brielle borough,Monmouth,Brielle borough  Monmouth County,2021,JCPL,27143308,7089223,NDA,179856,34412387,NJNG,21864724,5933282,CWC,NDA,27798006
Brigantine city,Atlantic,Brigantine city  Atlantic County,2021,ACE,57323709,17456226,5108,624472,75409515,SJG,3952165,1998093,NDA,NDA,5950258
Brooklawn borough,Camden,Brooklawn borough  Camden County,2021,PSEG,5542290,8643245,32180,194724,14412439,PSEG,451410,351487,3115,NDA,806011
Buena borough,Atlantic,Buena borough  Atlantic County,2021,ACE,14244799,4508717,109797,210026,19073339,SJG,1173801,608890,202958,NDA,1985648
Burlington city,Burlington,Burlington city  Burlington County,2021,PSEG,31722537,31626215,16453163,2053266,81855181,PSEG,2865180,1415058,34411,NDA,4314650
Butler borough,Morris,Butler borough  Morris County,2021,MEU/JCPL,11252,265360,1067004,NDA,1343616,PSEG,2659080,943879,233960,NDA,3836918
Byram township,Sussex,Byram township  Sussex County,2021,JCPL,37156689,12447352,329830,101964,50035835,ETG,NDA,NDA,NDA,NDA,0
Caldwell borough,Essex,Caldwell borough  Essex County,2021,PSEG,21918098,22583312,77419,612817,45191646,PSEG,2316819,1839202,8414,NDA,4164435
Camden city,Camden,Camden city  Camden County,2021,PSEG,170849691,342239023,90031702,11289288,614409704,PSEG,15349246,19596697,12786486,NDA,47732429
Cape May City,Cape May,Cape May City  Cape May County,2021,ACE,32685539,46577455,267157,390944,79921095,SJG,1792932,1228516,NDA,NDA,3021449
Cape May Point borough,Cape May,Cape May Point borough  Cape May County,2021,ACE,4644288,1810342,NDA,36679,6491309,SJG,180234,4872,NDA,NDA,185107
Carlstadt borough,Bergen,Carlstadt borough  Bergen County,2021,PSEG,16416822,267266098,106925300,642960,391251180,PSEG,1758958,3940494,2263102,NDA,7962554
Carneys Point township,Salem,Carneys Point township  Salem County,2021,ACE,20703087,32474204,82754,327661,53587706,SJG,1264270,844572,31,NDA,2108873
Carteret borough,Middlesex,Carteret borough  Middlesex County,2021,PSEG,60229708,144821650,122375829,1762436,329189623,ETG,10640242,9176012,4486735,NDA,24302989
Chatham township,Morris,Chatham township  Morris County,2021,JCPL,47088272,16538766,1585068,179760,65391866,PSEG,4474503,808726,5694,NDA,5288923
Cherry Hill township,Camden,Cherry Hill township  Camden County,2021,PSEG,261982301,361543305,22800808,3178696,649505110,PSEG/SJG,20998385,12336903,2070830,NDA,35406118
Chesilhurst borough,Camden,Chesilhurst borough  Camden County,2021,ACE,5701710,1623089,21482,63410,7409691,SJG,317822,80007,NDA,NDA,397829
Chester borough,Morris,Chester borough  Morris County,2021,JCPL,7612214,17937874,102561,56568,25709217,PSEG,869059,762770,3169,NDA,1634998
Chester township,Morris,Chester township  Morris County,2021,JCPL,43697778,10944791,10641,15480,54668690,PSEG,3200595,226868,NDA,NDA,3427464
Chesterfield township,Burlington,Chesterfield township  Burlington County,2021,PSEG/JCPL,22756476,25145268,2922253,343863,51167860,PSEG,1396974,346453,NDA,NDA,1743427
Cinnaminson township,Burlington,Cinnaminson township  Burlington County,2021,PSEG,60817015,61275990,5223526,1329342,128645873,PSEG,4819460,2095283,893898,NDA,7808641
City of Orange township,Essex,City of Orange township  Essex County,2021,PSEG,62965274,61318942,2659904,3896536,130840656,PSEG,6683478,5685424,165786,NDA,12534688
Clark township,Union,Clark township  Union County,2021,PSEG,52694607,58818797,14597202,1088632,127199238,ETG,9210957,4904148,2635313,NDA,16750418
Clayton borough,Gloucester,Clayton borough  Gloucester County,2021,ACE,27666290,11883250,14322104,172129,54043773,SJG,1952686,700796,932320,NDA,3585803
Clementon borough,Camden,Clementon borough  Camden County,2021,ACE,48095783,19525671,333352,217732,68172538,SJG,1041163,389675,NDA,NDA,1430838
Cliffside Park borough,Bergen,Cliffside Park borough  Bergen County,2021,PSEG,70846993,43989089,98553,1024161,115958796,PSEG,4778150,2756608,176784,NDA,7711542
Clifton city,Passaic,Clifton city  Passaic County,2021,PSEG,211269236,321895221,99407850,4201057,636773364,PSEG,24761234,12779933,2034267,NDA,39575434
Clinton town,Hunterdon,Clinton town  Hunterdon County,2021,JCPL,12075124,8544767,1471942,88524,22180357,ETG,1332322,7249043,NDA,NDA,8581365
Closter borough,Bergen,Closter borough  Bergen County,2021,RECO/PSEG,32850128,23505682,NDA,131980,56487790,PSEG,4129109,1218348,50000,NDA,5397456
Collingswood borough,Camden,Collingswood borough  Camden County,2021,PSEG,40888870,31441663,1799304,558950,74688787,PSEG,3438949,1826209,49852,NDA,5315010
Colts Neck township,Monmouth,Colts Neck township  Monmouth County,2021,JCPL,68332343,22075770,7569843,16920,97994876,NJNG,5380644,1096836,CWC,NDA,6477480
Commercial township,Cumberland,Commercial township  Cumberland County,2021,ACE,6855627,5713885,5449281,111505,18130298,SJG,875260,107389,1144146,NDA,2126795
Corbin City city,Atlantic,Corbin City city  Atlantic County,2021,ACE,2533556,1040828,NDA,18090,3592474,SJG,38195,9913,NDA,NDA,48108
Cranbury township,Middlesex,Cranbury township  Middlesex County,2021,PSEG/JCPL,17554755,123680109,4706147,347560,146288571,PSEG,1501463,5566718,127050,NDA,7195231
Cresskill borough,Bergen,Cresskill borough  Bergen County,2021,RECO/PSEG,35577973,13853504,NDA,168846,49600323,PSEG,4257042,584416,18462,NDA,4859920
Deal borough,Monmouth,Deal borough  Monmouth County,2021,JCPL,20700543,4692558,NDA,236268,25629369,NJNG,1661393,234799,CWC,NDA,1896192
Deerfield township,Cumberland,Deerfield township  Cumberland County,2021,ACE,8920833,9153496,3827085,84655,21986069,SJG,425858,578815,85158,NDA,1089831
Delanco township,Burlington,Delanco township  Burlington County,2021,PSEG,17551583,14179860,2429297,256238,34416978,PSEG,1335116,512373,204355,NDA,2051844
Delaware township,Hunterdon,Delaware township  Hunterdon County,2021,JCPL,25977616,4548354,18362,31644,30575976,ETG,283782,13460,NDA,NDA,297242
Delran township,Burlington,Delran township  Burlington County,2021,PSEG,57692146,40073349,18315422,804391,116885308,PSEG,3861398,2501986,9408,NDA,6372792
Demarest borough,Bergen,Demarest borough  Bergen County,2021,RECO,22646187,5711271,NDA,72292,28429750,PSEG,2844603,439337,1297,NDA,3285237
Dennis township,Cape May,Dennis township  Cape May County,2021,ACE,31522831,22067927,67088,52606,53710452,SJG,2191029,471570,13623,NDA,2676222
Denville township,Morris,Denville township  Morris County,2021,JCPL,64072985,76802380,2205370,522972,143603707,NJNG/PSEG,5164564,4193524,CWC + NDA,NDA,9358088
Deptford township,Gloucester,Deptford township  Gloucester County,2021,PSEG/ACE,88228690,81394081,702807,1662187,171987765,PSEG/SJG,7536693,4582849,70182,NDA,12189724
Dover town,Morris,Dover town  Morris County,2021,JCPL,40423625,46263156,8347377,903420,95937578,NJNG,3976772,2829962,CWC,NDA,6806734
Dumont borough,Bergen,Dumont borough  Bergen County,2021,PSEG,48431552,13666793,1204899,764448,64067692,PSEG,5256588,1474899,18811,NDA,6750298
Dunellen borough,Middlesex,Dunellen borough  Middlesex County,2021,PSEG,19171831,8681782,528402,439029,28821044,PSEG,2072922,750990,10422,NDA,2834335
East Amwell township,Hunterdon,East Amwell township  Hunterdon County,2021,PSEG/JCPL,21013443,5141675,110932,31704,26297754,ETG,460501,298063,NDA,NDA,758564
East Brunswick township,Middlesex,East Brunswick township  Middlesex County,2021,PSEG/JCPL,145374858,186794239,10477763,3144006,345790866,PSEG,14675009,6783196,258326,NDA,21716531
East Greenwich township,Gloucester,East Greenwich township  Gloucester County,2021,ACE,41122606,14477921,18004906,374531,73979964,SJG,2708282,842834,20888079,NDA,24439196
East Hanover township,Morris,East Hanover township  Morris County,2021,JCPL,42224446,72293249,104683006,21420,219222121,PSEG,4756687,3343131,1562710,NDA,9662528
East Newark borough,Hudson,East Newark borough  Hudson County,2021,PSEG,4357659,2692522,49691,275314,7375186,PSEG,518277,211731,4058,NDA,734066
East Orange city,Essex,East Orange city  Essex County,2021,PSEG,135902339,138881954,731080,5037426,280552799,PSEG,14552572,13652160,406805,"4,778",28616314
East Rutherford borough,Bergen,East Rutherford borough  Bergen County,2021,PSEG,27397557,259115028,9391521,875772,296779878,PSEG,2198609,5811443,378652,NDA,8388704
East Windsor township,Mercer,East Windsor township  Mercer County,2021,PSEG/JCPL,80026040,91720526,13054410,782611,185583587,PSEG,6164912,4962561,432629,NDA,11560102
Eastampton township,Burlington,Eastampton township  Burlington County,2021,PSEG,23544435,6578213,69249,438505,30630402,PSEG,1396743,270357,473,NDA,1667572
Eatontown borough,Monmouth,Eatontown borough  Monmouth County,2021,JCPL,48748751,113467747,2634805,385356,165236659,NJNG,2385016,634769,CWC,NDA,3019785
Edgewater borough,Bergen,Edgewater borough  Bergen County,2021,PSEG,47440079,65293072,1985845,675432,115394428,PSEG,1890030,2800470,66663,NDA,4757164
Edgewater Park township,Burlington,Edgewater Park township  Burlington County,2021,PSEG,27526054,19393734,47941,441278,47409007,PSEG,2218536,858757,79477,NDA,3156770
Egg Harbor City city,Atlantic,Egg Harbor City city  Atlantic County,2021,ACE,18733831,14358313,4152134,395411,37639689,SJG,1079484,834914,4659,NDA,1919057
Egg Harbor township,Atlantic,Egg Harbor township  Atlantic County,2021,ACE,106636654,110111915,2305537,950492,220004598,SJG,11374913,7477086,1809591,NDA,20661590
Elizabeth city,Union,Elizabeth city  Union County,2021,PSEG,241075827,449011647,93071057,11939355,795097886,ETG,50556714,45110449,8809348,NDA,104476511
Elmer borough,Salem,Elmer borough  Salem County,2021,ACE,28887720,13606447,456529,75324,43026020,SJG,320982,766281,17030,NDA,1104293
Elmwood Park borough,Bergen,Elmwood Park borough  Bergen County,2021,PSEG,50784873,55265980,86134902,1319120,193504875,PSEG,5167061,10424717,238082,NDA,15829860
Elsinboro township,Salem,Elsinboro township  Salem County,2021,ACE,260016,9047,NDA,27270,296333,SJG,345,NDA,NDA,NDA,345
Emerson borough,Bergen,Emerson borough  Bergen County,2021,PSEG,24398065,16774312,211941,493206,41877524,PSEG,2676378,644376,12627,NDA,3333381
Englewood city,Bergen,Englewood city  Bergen County,2021,PSEG,90162823,130220228,7612323,3299911,231295285,PSEG,8965745,7989024,598471,NDA,17553240
Englewood Cliffs borough,Bergen,Englewood Cliffs borough  Bergen County,2021,PSEG,25888024,67293580,740619,625140,94547363,PSEG,3516558,1210683,22309,NDA,4749549
Englishtown borough,Monmouth,Englishtown borough  Monmouth County,2021,JCPL,9322980,9681182,24760,155292,19184214,NJNG,673213,436133,CWC,NDA,1109346
Essex Fells borough,Essex,Essex Fells borough  Essex County,2021,PSEG,13035793,1864021,1787997,177481,16865292,PSEG,1610375,106808,NDA,"2,500",1719684
Estell Manor city,Atlantic,Estell Manor city  Atlantic County,2021,ACE,7183623,1923927,103440,8023,9219013,SJG,48841,17652,NDA,NDA,66493
Evesham township,Burlington,Evesham township  Burlington County,2021,PSEG/ACE,174112925,154310915,1315959,2511002,332250801,PSEG/SJG,11809690,4498518,6048,NDA,16314256
Ewing township,Mercer,Ewing township  Mercer County,2021,PSEG,111006018,200834685,18129977,2643276,332613956,PSEG,9048288,15299895,1582774,NDA,25930957
Fair Haven borough,Monmouth,Fair Haven borough  Monmouth County,2021,JCPL,27800891,6247631,NDA,184699,34233221,NJNG,2399378,234137,CWC,NDA,2633515
Fair Lawn borough,Bergen,Fair Lawn borough  Bergen County,2021,PSEG,96115088,88644049,19027721,1481930,205268788,PSEG,10783606,3542511,2493934,NDA,16820051
Fairfield township,Cumberland,Fairfield township  Cumberland County,2021,ACE,4118745,11727647,533702,144133,16524227,SJG,453917,157397,NDA,NDA,611314
Fairfield township,Essex,Fairfield township  Essex County,2021,PSEG,30872884,140133066,26662457,956485,198624892,PSEG,3319558,6443943,676816,NDA,10440318
Fairview borough,Bergen,Fairview borough  Bergen County,2021,PSEG,28445518,25401878,3802573,1019906,58669875,PSEG,2877384,1909186,135375,NDA,4921946
Fanwood borough,Union,Fanwood borough  Union County,2021,PSEG,24523190,6129874,241967,379164,31274195,ETG,4811173,525569,NDA,NDA,5336742
Far Hills borough,Somerset,Far Hills borough  Somerset County,2021,JCPL,7943582,2676157,NDA,24432,10644171,PSEG,486166,70275,NDA,NDA,556441
Fieldsboro borough,Burlington,Fieldsboro borough  Burlington County,2021,PSEG,2001409,864270,15594760,65642,18526081,PSEG,155420,29841,1280130,NDA,1465390
Flemington borough,Hunterdon,Flemington borough  Hunterdon County,2021,JCPL,17873181,31320533,669210,192312,50055236,ETG,1932896,2975035,5409998,NDA,10317929
Florence township,Burlington,Florence township  Burlington County,2021,PSEG,42720689,71441417,15999587,719307,130881000,PSEG,3230421,2399672,261074,NDA,5891167
Florham Park borough,Morris,Florham Park borough  Morris County,2021,JCPL,45824556,131941919,13846443,553692,192166610,PSEG,4729204,2387528,685812,NDA,7802544
Folsom borough,Atlantic,Folsom borough  Atlantic County,2021,ACE,4141572,3949650,1549792,70086,9711100,SJG,310659,478117,440228,NDA,1229003
Fort Lee borough,Bergen,Fort Lee borough  Bergen County,2021,PSEG,97959846,167463732,7162505,1638979,274225062,PSEG,6053359,8915752,115561,NDA,15084673
Frankford township,Sussex,Frankford township  Sussex County,2021,JCPL,17996338,10652809,205752,20784,28875683,ETG,441741,980308,NDA,NDA,1422049
Franklin borough,Sussex,Franklin borough  Sussex County,2021,JCPL,18872786,19514840,680813,135168,39203607,ETG,339442,749801,NDA,NDA,1089243
Franklin Lakes borough,Bergen,Franklin Lakes borough  Bergen County,2021,RECO/PSEG,71312354,45508930,NDA,141494,116962778,PSEG,9001168,1553066,7070,NDA,10561304
Franklin township,Gloucester,Franklin township  Gloucester County,2021,ACE,53889234,17201467,2077396,390295,73558392,SJG,2730806,1084961,NDA,NDA,3815767
Franklin township,Hunterdon,Franklin township  Hunterdon County,2021,JCPL,16933815,14202637,28127,16644,31181223,ETG,94368,358272,NDA,NDA,452641
Franklin township,Warren,Franklin township  Warren County,2021,JCPL,14225353,7894400,817113,36768,22973634,ETG,1064084,610279,NDA,NDA,1674363
Fredon township,Sussex,Fredon township  Sussex County,2021,JCPL,15765075,3935162,1201320,NDA,20901557,ETG,181081,120770,NDA,NDA,301851
Freehold borough,Monmouth,Freehold borough  Monmouth County,2021,JCPL,29974432,40942514,57623252,905964,129446162,NJNG,2454557,8944963,CWC,NDA,11399520
Freehold township,Monmouth,Freehold township  Monmouth County,2021,JCPL,140546700,169541793,22698864,1235670,334023027,NJNG,10893050,5727078,CWC,NDA,16620128
Frelinghuysen township,Warren,Frelinghuysen township  Warren County,2021,JCPL,10260334,2507886,790011,NDA,13558231,ETG,NDA,NDA,NDA,NDA,0
Frenchtown borough,Hunterdon,Frenchtown borough  Hunterdon County,2021,JCPL,6375115,3786752,494547,51528,10707942,ETG,371409,197039,NDA,NDA,568447
Galloway township,Atlantic,Galloway township  Atlantic County,2021,ACE,109731864,197055815,535327,633412,307956418,SJG,8659515,45423933,6023,NDA,54089470
Garfield city,Bergen,Garfield city  Bergen County,2021,PSEG,66180588,42002724,15718516,1372603,125274431,PSEG,7749498,3094070,198539,NDA,11042107
Garwood borough,Union,Garwood borough  Union County,2021,PSEG,13109512,14720680,2469949,317458,30617599,ETG,2547941,1419545,NDA,NDA,3967486
Gibbsboro borough,Camden,Gibbsboro borough  Camden County,2021,ACE,8270337,12180678,198363,157384,20806762,SJG,689756,1198153,1039,NDA,1888947
Glassboro borough,Gloucester,Glassboro borough  Gloucester County,2021,ACE,58423071,107549620,627445,751080,167351216,SJG,4058806,11725769,1043156,NDA,16827732
Glen Gardner borough,Hunterdon,Glen Gardner borough  Hunterdon County,2021,JCPL,6452296,1262132,1351117,46572,9112117,ETG,754198,51932,NDA,NDA,806130
Glen Ridge borough,Essex,Glen Ridge borough  Essex County,2021,PSEG,27055943,28558738,NDA,253810,55868491,PSEG,3380395,1269377,922,"157,668",4808362
Gloucester township,Camden,Gloucester township  Camden County,2021,PSEG/ACE,173778510,72567620,6577048,2640772,255563950,SJG,14183254,34865308,82307,NDA,49130870
Green Brook township,Somerset,Green Brook township  Somerset County,2021,PSEG/JCPL,26322543,23318841,1813267,533531,51988182,PSEG,2654559,930611,58722,NDA,3643892
Green township,Sussex,Green township  Sussex County,2021,JCPL,19396602,7793918,2259804,2832,29453156,ETG,NDA,NDA,NDA,NDA,0
Greenwich township,Cumberland,Greenwich township  Cumberland County,2021,ACE,3219860,534288,NDA,32283,3786431,SJG,977582,509504,17602,NDA,1504688
Greenwich township,Gloucester,Greenwich township  Gloucester County,2021,ACE,17271228,13048156,8001226,290975,38611585,SJG,412432,410568,17602,NDA,840602
Greenwich township,Warren,Greenwich township  Warren County,2021,JCPL,20864535,21327962,5193311,64140,47449948,ETG,3279024,1471043,NDA,NDA,4750067
Guttenberg town,Hudson,Guttenberg town  Hudson County,2021,PSEG,17450129,30909772,300005,544483,49204389,PSEG,1373349,1394719,28066,NDA,2796134
Hackettstown town,Warren,Hackettstown town  Warren County,2021,JCPL,31846846,42215581,2549041,397309,77008777,ETG,4098699,6112559,17230676,NDA,27441934
Haddon Heights borough,Camden,Haddon Heights borough  Camden County,2021,PSEG,27624398,12488584,166617,263277,40542876,PSEG,2342023,671525,7769,NDA,3021316
Haddon township,Camden,Haddon township  Camden County,2021,PSEG,48856655,64347574,1215146,1053953,115473328,PSEG,3915818,2291125,17158,NDA,6224100
Haddonfield borough,Camden,Haddonfield borough  Camden County,2021,PSEG,51827891,21444654,274741,579383,74126669,PSEG,4346079,965465,6951,NDA,5318495
Hainesport township,Burlington,Hainesport township  Burlington County,2021,PSEG,24833412,12862039,1815515,431727,39942693,PSEG,1601601,1056111,232740,NDA,2890451
Haledon borough,Passaic,Haledon borough  Passaic County,2021,PSEG,19196955,12830486,9265345,544626,41837412,PSEG,2404720,2585244,621107,NDA,5611071
Hamilton township,Atlantic,Hamilton township  Atlantic County,2021,ACE,128186934,126584259,294754,953037,256018984,SJG,5508309,3948411,13481,NDA,9470201
Hamilton township,Mercer,Hamilton township  Mercer County,2021,PSEG,287467536,303098914,20362991,4777598,615707039,PSEG,24101462,14849968,791479,NDA,39742909
Hammonton town,Atlantic,Hammonton town  Atlantic County,2021,ACE,64422986,66155444,4912311,529396,136020137,SJG,3466578,2730390,31073,NDA,6228041
Hampton borough,Hunterdon,Hampton borough  Hunterdon County,2021,JCPL,6550879,1735310,1205626,33756,9525571,ETG,264478,155194,NDA,NDA,419672
Hampton township,Sussex,Hampton township  Sussex County,2021,JCPL,21866957,16463310,5839,36624,38372730,ETG,774020,1079067,NDA,NDA,1853087
Hanover township,Morris,Hanover township  Morris County,2021,JCPL,52069691,113277401,65067208,945648,231359948,PSEG,5330742,4628585,3100938,NDA,13060265
Harding township,Morris,Harding township  Morris County,2021,JCPL,34403829,16820422,273579,5280,51503110,PSEG,3219739,187301,NDA,NDA,3407040
Hardwick township,Warren,Hardwick township  Warren County,2021,JCPL,7332258,2066381,NDA,3528,9402167,ETG,NDA,NDA,NDA,NDA,0
Hardyston township,Sussex,Hardyston township  Sussex County,2021,JCPL,31212890,15259696,389547,105756,46967889,ETG,2630805,1313641,NDA,NDA,3944446
Harmony township,Warren,Harmony township  Warren County,2021,JCPL,12003048,3406021,423391,252,15832712,ETG,1548,NDA,NDA,NDA,1548
Harrington Park borough,Bergen,Harrington Park borough  Bergen County,2021,RECO,17664284,4310577,NDA,28914,22003775,PSEG,2230954,189943,3133,NDA,2424030
Harrison town,Hudson,Harrison town  Hudson County,2021,PSEG,42614070,60926622,2114188,1851872,107506752,PSEG,3162697,2518205,170037,NDA,5850939
Harrison township,Gloucester,Harrison township  Gloucester County,2021,ACE,66725492,36824410,1996685,403871,105950458,SJG,4411746,2830482,1990685,NDA,9232913
Hasbrouck Heights borough,Bergen,Hasbrouck Heights borough  Bergen County,2021,PSEG,35345938,26247641,534242,1771522,63899343,PSEG,3732886,1467887,26792,NDA,5227565
Haworth borough,Bergen,Haworth borough  Bergen County,2021,RECO/PSEG,14109705,47543111,325669,209185,62187670,PSEG,1834438,2212370,3075,NDA,4049883
Hawthorne borough,Passaic,Hawthorne borough  Passaic County,2021,PSEG,56380893,34690086,13135716,801326,105008021,PSEG,6378263,1862463,253914,NDA,8494640
Hazlet township,Monmouth,Hazlet township  Monmouth County,2021,JCPL,61420101,43404326,5736232,672432,111233091,NJNG,1691795,665029,CWC,NDA,2356824
Helmetta borough,Middlesex,Helmetta borough  Middlesex County,2021,JCPL,8070075,1687954,1040,106806,9865875,PSEG,673882,58375,NDA,NDA,732257
Highlands borough,Monmouth,Highlands borough  Monmouth County,2021,JCPL,19984685,12710586,24814,220428,32940513,NJNG,949635,93743,CWC,NDA,1043378
Hightstown borough,Mercer,Hightstown borough  Mercer County,2021,JCPL,15866713,24080213,2215119,249289,42411334,PSEG,1720087,1320472,50162,NDA,3090721
Hillsborough township,Somerset,Hillsborough township  Somerset County,2021,PSEG/JCPL,150656214,112092465,18675689,2109174,283533542,PSEG,11183520,2980629,1625590,NDA,15789739
Hillsdale borough,Bergen,Hillsdale borough  Bergen County,2021,PSEG,36046225,18413198,36400,440148,54935971,PSEG,4094143,863072,1397,NDA,4958612
Hillside township,Union,Hillside township  Union County,2021,PSEG,53140658,47215810,41642572,1339539,143338579,ETG/PSEG,13093390,6599542,13147290,NDA,32840222
Hi-Nella borough,Camden,Hi-Nella borough  Camden County,2021,PSEG/ACE,2555431,709199,NDA,27529,3292159,PSEG/SJG,91983,1439792,NDA,NDA,1531775
Hoboken city,Hudson,Hoboken city  Hudson County,2021,PSEG,153798935,220437318,7197322,3242902,384676477,PSEG,5058569,10022052,520513,NDA,15601135
Ho-Ho-Kus borough,Bergen,Ho-Ho-Kus borough  Bergen County,2021,PSEG,20063047,6434758,266625,245973,27010403,PSEG,2434971,340315,2240,NDA,2777527
Holland township,Hunterdon,Holland township  Hunterdon County,2021,JCPL,24774356,4552294,4163238,66096,33555984,ETG,394318,246578,NDA,NDA,640895
Hopatcong borough,Sussex,Hopatcong borough  Sussex County,2021,JCPL,66433620,9375266,322658,151833,76283377,ETG,NDA,NDA,NDA,NDA,0
Hope township,Warren,Hope township  Warren County,2021,JCPL,9026355,2680180,2520,11856,11720911,ETG,NDA,NDA,NDA,NDA,0
Hopewell township,Cumberland,Hopewell township  Cumberland County,2021,ACE,499767,1005036,NDA,41358,1546161,SJG,318274,225139,NDA,NDA,543413
Hopewell township,Mercer,Hopewell township  Mercer County,2021,PSEG/JCPL,80060190,73046077,55370906,1248408,209725581,ETG/PSEG,8085095,1656444,679912,NDA,10421451
Howell township,Monmouth,Howell township  Monmouth County,2021,JCPL,193887002,117297160,5130087,1633930,317948179,NJNG,13739940,6313284,CWC,NDA,20053224
Independence township,Warren,Independence township  Warren County,2021,JCPL,22077076,5007129,550937,70668,27705810,ETG,1754967,292964,NDA,NDA,2047931
Interlaken borough,Monmouth,Interlaken borough  Monmouth County,2021,JCPL,4791583,193678,NDA,47808,5033069,NJNG,551286,3676,CWC,NDA,554962
Irvington township,Essex,Irvington township  Essex County,2021,PSEG,107575560,85153982,7613327,4764140,205107009,PSEG,13953393,8407088,688725,NDA,23049207
Island Heights borough,Ocean,Island Heights borough  Ocean County,2021,JCPL,7811861,2004802,2904,50724,9870291,NJNG,697658,103808,CWC,NDA,801466
Jackson township,Ocean,Jackson township  Ocean County,2021,JCPL,220327234,82971691,4003332,2129424,309431681,NJNG/PSEG,16586915,3990470,CWC + NDA,NDA,20577385
Jamesburg borough,Middlesex,Jamesburg borough  Middlesex County,2021,PSEG/JCPL,21155544,11084524,160764,213456,32614288,PSEG,1481552,589614,10302,NDA,2081469
Jersey City city,Hudson,Jersey City city   Hudson County,2021,PSEG,640422655,1248657579,117352388,24657598,2031090220,PSEG,45145320,46999674,2074424,NDA,94219418
Keansburg borough,Monmouth,Keansburg borough  Monmouth County,2021,JCPL,29016455,14518413,1350148,429900,45314916,NJNG,9644238,1399332,CWC,NDA,11043570
Kearny town,Hudson,Kearny town  Hudson County,2021,PSEG,82357493,290933053,15705808,3545711,392542065,PSEG,10028211,8451887,3011729,NDA,21491828
Kenilworth borough,Union,Kenilworth borough  Union County,2021,PSEG,23493441,30096920,15669809,455046,69715216,ETG,4833587,4086159,32537796,NDA,41457543
Keyport borough,Monmouth,Keyport borough  Monmouth County,2021,JCPL,23039396,20813164,238400,494892,44585852,NJNG,1801136,920744,CWC,NDA,2721880
Kingwood township,Hunterdon,Kingwood township  Hunterdon County,2021,JCPL,19555296,4348542,5006210,29316,28939364,ETG,110229,348113,849517,NDA,1307860
Kinnelon borough,Morris,Kinnelon borough  Morris County,2021,JCPL,1110182,84479,NDA,NDA,1194661,NJNG/PSEG,6029048,2557560,CWC + NDA,NDA,8586609
Knowlton township,Warren,Knowlton township  Warren County,2021,JCPL,14272989,7569738,66567,60900,21970194,ETG,NDA,NDA,NDA,NDA,0
Lacey township,Ocean,Lacey township  Ocean County,2021,JCPL/ACE,118391319,67469463,1186147,1256688,188303617,NJNG,1175853,384317,CWC,NDA,1560170
Lafayette township,Sussex,Lafayette township  Sussex County,2021,JCPL,7261464,8399842,84164,10764,15756234,ETG,69160,879487,NDA,NDA,948647
Lake Como borough,Monmouth,Lake Como borough  Monmouth County,2021,JCPL,5833781,2660951,8795,98796,8602323,NJNG,577754,103331,CWC,NDA,681085
Lakehurst borough,Ocean,Lakehurst borough  Ocean County,2021,JCPL,8361938,11781123,NDA,427320,20570381,NJNG,1023817,2198343,CWC,NDA,3222160
Lakewood township,Ocean,Lakewood township  Ocean County,2021,JCPL,356060301,313850215,19883859,6290033,696084408,NJNG,19223197,31894100,CWC,NDA,51117297
Lambertville city,Hunterdon,Lambertville city  Hunterdon County,2021,JCPL,17746790,8934095,7655212,138252,34474349,ETG,2275210,843132,NDA,NDA,3118342
Laurel Springs borough,Camden,Laurel Springs borough  Camden County,2021,ACE,11527011,7564343,2310942,80939,21483235,SJG,615451,289241,NDA,NDA,904692
Lavallette borough,Ocean,Lavallette borough  Ocean County,2021,MEU/JCPL,6295223,325851,NDA,66744,6687818,NJNG,828096,71012,CWC,NDA,899108
Lawnside borough,Camden,Lawnside borough  Camden County,2021,PSEG,10869275,15626706,726,375716,26872423,PSEG/SJG,771511,1572931,NDA,NDA,2344442
Lawrence township,Cumberland,Lawrence township  Cumberland County,2021,ACE,9565064,6801544,61519,117050,16545177,SJG,263024,118336,NDA,NDA,381360
Lawrence township,Mercer,Lawrence township  Mercer County,2021,PSEG,103062151,171368117,37733814,1664212,313828294,ETG/PSEG,9306149,11290947,3637900,NDA,24234997
Lebanon borough,Hunterdon,Lebanon borough  Hunterdon County,2021,JCPL,5795186,6890964,1264494,40716,13991360,ETG,739347,998745,NDA,NDA,1738092
Lebanon township,Hunterdon,Lebanon township  Hunterdon County,2021,JCPL,31007242,10918713,998886,38748,42963589,ETG,120864,166750,NDA,NDA,287614
Liberty township,Warren,Liberty township  Warren County,2021,JCPL,12726942,1655272,206760,2136,14591110,ETG,NDA,NDA,NDA,NDA,0
Lincoln Park borough,Morris,Lincoln Park borough  Morris County,2021,PSEG/JCPL,32866672,24849057,7812913,278757,65807399,NJNG,2922632,1232667,CWC,NDA,4155299
Linden city,Union,Linden city  Union County,2021,PSEG,100803251,171019616,129587444,4261027,405671338,ETG/PSEG,20846632,19877719,277737443,NDA,318461794
Lindenwold borough,Camden,Lindenwold borough  Camden County,2021,ACE,64165822,36684443,298007,326649,101474921,SJG,2656945,18005590,11866,NDA,20674400
Linwood city,Atlantic,Linwood city  Atlantic County,2021,ACE,36029559,17847594,2361,371479,54250993,SJG,2683326,1003738,NDA,NDA,3687064
Little Egg Harbor township,Ocean,Little Egg Harbor township  Ocean County,2021,ACE,65091822,19761148,5042,1065683,85923695,NJNG,3091883,4019502,CWC,NDA,7111385
Little Falls township,Passaic,Little Falls township  Passaic County,2021,PSEG,37507110,48818605,1882128,768068,88975911,PSEG,3661231,8509961,77191,NDA,12248383
Little Ferry borough,Bergen,Little Ferry borough  Bergen County,2021,PSEG,29239443,30511546,42327775,395587,102474351,PSEG,2320424,2029187,595427,NDA,4945038
Little Silver borough,Monmouth,Little Silver borough  Monmouth County,2021,JCPL,30811130,15497416,65714,183528,46557788,NJNG,2707562,526925,CWC,NDA,3234487
Livingston township,Essex,Livingston township  Essex County,2021,PSEG/JCPL,119583573,161649272,10860849,1940921,294034615,PSEG,13519183,4967082,91603,NDA,18577868
Loch Arbour village,Monmouth,Loch Arbour village  Monmouth County,2021,JCPL,2060123,201414,NDA,23472,2285009,NJNG,206198,32682,CWC,NDA,238880
Lodi borough,Bergen,Lodi borough  Bergen County,2021,PSEG,59999455,42154395,11429127,1344729,114927706,PSEG,5323536,3422380,550461,NDA,9296378
Logan township,Gloucester,Logan township  Gloucester County,2021,ACE,3412783,92616529,31659969,291336,127980617,SJG,966788,8823764,5143599,NDA,14934151
Long Beach township,Ocean,Long Beach township  Ocean County,2021,ACE,53822652,8698975,16048,1033323,63570998,NJNG,8378903,1377514,CWC,NDA,9756417
Long Branch city,Monmouth,Long Branch city  Monmouth County,2021,JCPL,105796352,102093825,910107,1787220,210587504,NJNG,996862,345577,CWC,NDA,1342439
Long Hill township,Morris,Long Hill township  Morris County,2021,JCPL,35261152,19229159,2003300,424764,56918375,PSEG,3270029,788542,97473,NDA,4156044
Longport borough,Atlantic,Longport borough  Atlantic County,2021,ACE,14123631,5087771,44640,179203,19435245,SJG,1141953,95951,NDA,NDA,1237904
Lower Alloways Creek township,Salem,Lower Alloways Creek township  Salem County,2021,ACE,2014299,479827,2660,101471,2598257,SJG,NDA,NDA,NDA,NDA,0
Lower township,Cape May,Lower township  Cape May County,2021,ACE,95017190,41666979,9369954,1045234,147099357,SJG,5233411,3143133,634,NDA,8377178
Lumberton township,Burlington,Lumberton township  Burlington County,2021,PSEG,45605524,40086408,4768070,640309,91100311,PSEG,3097641,1712434,208,NDA,4810283
Lyndhurst township,Bergen,Lyndhurst township  Bergen County,2021,PSEG,62233301,129400325,17163682,1056527,209853835,PSEG,5981673,3014464,1298175,NDA,10294312
Madison borough,Morris,Madison borough  Morris County,2021,MEU/JCPL,9032,4200,NDA,NDA,13232,PSEG,5894921,3048752,87764,NDA,9031437
Manalapan township,Monmouth,Manalapan township  Monmouth County,2021,JCPL,163345199,76606590,9299659,1788288,251039736,NJNG,12909572,2241154,CWC,NDA,15150726
Manasquan borough,Monmouth,Manasquan borough  Monmouth County,2021,JCPL,30832576,14442053,449675,230532,45954836,NJNG,2637170,592554,CWC,NDA,3229724
Manchester township,Ocean,Manchester township  Ocean County,2021,JCPL,264565614,72487024,15973174,2088231,355114043,NJNG,17579208,2994654,CWC,NDA,20573862
Mannington township,Salem,Mannington township  Salem County,2021,ACE,4304694,5655535,5800,52483,10018512,SJG,49141,445106,2861617,NDA,3355864
Mansfield township,Burlington,Mansfield township  Burlington County,2021,PSEG,34556873,19693750,998310,555599,55804532,PSEG,2918195,715753,402891,NDA,4036839
Mansfield township,Warren,Mansfield township  Warren County,2021,JCPL,27219222,24575579,20992085,64692,72851578,ETG,2307449,2160404,1284061,NDA,5751914
Mantoloking borough,Ocean,Mantoloking borough  Ocean County,2021,JCPL,8147033,443207,19957,536700,9146897,NJNG,2377659,73218,CWC,NDA,2450877
Mantua township,Gloucester,Mantua township  Gloucester County,2021,ACE,117207807,59087215,2369190,386338,179050550,SJG,4195782,934977,105337,NDA,5236096
Manville borough,Somerset,Manville borough  Somerset County,2021,PSEG,28334783,15764648,529927,612581,45241939,PSEG,2834265,815270,4115,NDA,3653650
Maple Shade township,Burlington,Maple Shade township  Burlington County,2021,PSEG,60466959,56587342,3924825,1282663,122261789,PSEG,3845449,3161448,26464,NDA,7033361
Maplewood township,Essex,Maplewood township  Essex County,2021,PSEG,71822875,47428711,1028436,1691794,121971816,PSEG,8973431,3558840,65799,NDA,12598070
Margate City city,Atlantic,Margate City city  Atlantic County,2021,ACE,48554019,17780064,NDA,548152,66882235,SJG,4218154,906508,NDA,NDA,5124662
Marlboro township,Monmouth,Marlboro township  Monmouth County,2021,JCPL,172460573,70490558,3742957,2342280,249036368,NJNG,15687564,2852635,CWC,NDA,18540199
Maurice River township,Cumberland,Maurice River township  Cumberland County,2021,ACE,9605991,24317596,3340190,174088,37437865,SJG,346994,625091,3266,NDA,975351
Maywood borough,Bergen,Maywood borough  Bergen County,2021,PSEG,26936694,23779198,3996337,598122,55310351,PSEG,2827813,1216913,1556139,NDA,5600865
Medford Lakes borough,Burlington,Medford Lakes borough  Burlington County,2021,PSEG,17316205,2817023,NDA,148461,20281689,SJG,6602518,1655380,NDA,NDA,8257898
Medford township,Burlington,Medford township  Burlington County,2021,PSEG/ACE,105453053,55073723,2231591,1345088,164103455,PSEG/SJG,2925240,1068530,NDA,NDA,3993770
Mendham borough,Morris,Mendham borough  Morris County,2021,JCPL,25433165,13068053,723022,116952,39341192,PSEG,2805393,545934,1404,NDA,3352732
Mendham township,Morris,Mendham township  Morris County,2021,JCPL,39782093,4227126,979195,22008,45010422,PSEG,3871425,260742,1312,NDA,4133480
Merchantville borough,Camden,Merchantville borough  Camden County,2021,PSEG,13103266,3633999,1735373,263214,18735852,PSEG,1183799,429918,2133,NDA,1615850
Metuchen borough,Middlesex,Metuchen borough  Middlesex County,2021,PSEG,46494851,41658974,2482176,984478,91620479,ETG,9846900,3384353,3635545,NDA,16866799
Middle township,Cape May,Middle township  Cape May County,2021,ACE,84770891,107946697,805611,915871,194439070,SJG,4484841,2573260,3369,NDA,7061469
Middlesex borough,Middlesex,Middlesex borough  Middlesex County,2021,PSEG,39669233,42375815,8734162,772311,91551521,PSEG,3770442,2708469,623745,NDA,7102655
Middletown township,Monmouth,Middletown township  Monmouth County,2021,JCPL,276493188,296178455,14694572,3055716,590421931,NJNG,783922,306297,CWC,NDA,1090219
Midland Park borough,Bergen,Midland Park borough  Bergen County,2021,PSEG,22290567,17180506,698717,569060,40738850,PSEG,2644273,990727,23243,NDA,3658243
Milford borough,Hunterdon,Milford borough  Hunterdon County,2021,JCPL,6477755,2276086,427617,55296,9236754,ETG,27607,11365,1694261,NDA,1733233
Millburn township,Essex,Millburn township  Essex County,2021,PSEG/JCPL,101381256,98534740,18013185,969997,218899178,PSEG,11056463,2921695,33160,NDA,14011318
Millstone borough,Somerset,Millstone borough  Somerset County,2021,PSEG,1756333,269493,14400,66212,2106438,PSEG,156100,20902,4469,NDA,181471
Millstone township,Monmouth,Millstone township  Monmouth County,2021,JCPL,56867909,17274577,283540,346260,74772286,PSEG,4708801,1567639,32959,NDA,6309399
Milltown borough,Middlesex,Milltown borough  Middlesex County,2021,MEU/PSEG,111941,NDA,NDA,NDA,111941,PSEG,2328037,621984,26706,NDA,2976727
Millville city,Cumberland,Millville city  Cumberland County,2021,ACE,110998333,95243190,135618705,1934471,343794699,SJG,5775622,4956524,27164471,NDA,37896617
Mine Hill township,Morris,Mine Hill township  Morris County,2021,JCPL,13532594,4163914,528800,180552,18405860,NJNG,811530,202950,CWC,NDA,1014480
Monmouth Beach borough,Monmouth,Monmouth Beach borough  Monmouth County,2021,JCPL,22183672,5511864,6234745,196380,34126661,NJNG,1441359,379808,CWC,NDA,1821167
Monroe township,Gloucester,Monroe township  Gloucester County,2021,ACE,126524455,70983264,2004962,1065069,200577750,SJG,9042978,8225255,1483231,NDA,18751464
Monroe township,Middlesex,Monroe township  Middlesex County,2021,JCPL,239176924,156644802,42576734,3018440,441416900,NJNG/PSEG,25319885,6739106,90917,NDA,32149908
Montague township,Sussex,Montague township  Sussex County,2021,RECO/JCPL,20300509,4783959,137422,60352,25282242,ETG,NDA,NDA,NDA,NDA,0
Montclair township,Essex,Montclair township  Essex County,2021,PSEG,128113099,78345115,3868485,2981379,213308078,PSEG,15526592,6253776,70782,756,21851905
Montvale borough,Bergen,Montvale borough  Bergen County,2021,RECO/PSEG,32343705,78652507,NDA,159466,111155678,PSEG,3665550,2795941,45361,NDA,6506852
Montville township,Morris,Montville township  Morris County,2021,JCPL,94458742,80055462,17325984,860640,192700828,NJNG/PSEG,7959307,2597273,CWC + NDA,NDA,10556580
Moonachie borough,Bergen,Moonachie borough  Bergen County,2021,PSEG,8396131,40586720,22500021,255160,71738032,PSEG,758148,2665904,1230072,NDA,4654124
Moorestown township,Burlington,Moorestown township  Burlington County,2021,PSEG,95626470,134535533,93478174,1433110,325073287,PSEG,7778855,4921716,287186,NDA,12987757
Morris Plains borough,Morris,Morris Plains borough  Morris County,2021,JCPL,21362098,54760849,7529060,263616,83915623,PSEG,2273354,1296252,12661,NDA,3582267
Morris township,Morris,Morris township  Morris County,2021,JCPL,89740027,78504386,5601433,755016,174600862,PSEG,9415860,2699094,474441,"17,378",12606773
Morristown Town,Morris,Morristown Town  Morris County,2021,PSEG/JCPL,65234427,185645540,1650274,1160520,253690761,PSEG,4772028,8016048,88394,504,12876974
Mount Arlington borough,Morris,Mount Arlington borough  Morris County,2021,JCPL,21153346,11537548,151427,279264,33121585,NJNG,1265271,1048278,CWC,NDA,2313549
Mount Ephraim borough,Camden,Mount Ephraim borough  Camden County,2021,PSEG,15169389,7555563,616949,246312,23588213,PSEG,1147091,332354,1913,NDA,1481358
Mount Holly township,Burlington,Mount Holly township  Burlington County,2021,PSEG,32022956,49666507,5883780,913931,88487174,PSEG,2583598,1903787,80907,NDA,4568292
Mount Laurel township,Burlington,Mount Laurel township  Burlington County,2021,PSEG,176034526,278235940,12629701,2879167,469779334,PSEG,11166005,5578155,887699,NDA,17631859
Mount Olive township,Morris,Mount Olive township  Morris County,2021,JCPL,94293552,116139180,28773428,649692,239855852,ETG/NJNG,8351201,7605208,CWC + NDA,NDA,15956409
Mountainside borough,Union,Mountainside borough  Union County,2021,PSEG/JCPL,29740802,29036958,3137424,390262,62305446,ETG,5870607,2350281,NDA,NDA,8220888
Mullica township,Atlantic,Mullica township  Atlantic County,2021,ACE,21000495,6312523,53928,84052,27450998,SJG,636046,118453,764,NDA,755263
National Park borough,Gloucester,National Park borough  Gloucester County,2021,PSEG,10486690,1997979,42649,155338,12682656,PSEG,597460,81579,357,NDA,679396
Neptune township,Monmouth,Neptune township  Monmouth County,2021,JCPL,95621232,118923307,14856467,1041584,230442590,NJNG,8164003,5682466,CWC,NDA,13846469
Netcong borough,Morris,Netcong borough  Morris County,2021,JCPL,10595154,7571997,355454,117012,18639617,NJNG,458916,568178,CWC,NDA,1027094
New Brunswick city,Middlesex,New Brunswick city  Middlesex County,2021,PSEG,95854720,402503578,91271881,5888160,595518339,PSEG,8058944,31793320,1171158,NDA,41023422
New Hanover township,Burlington,New Hanover township  Burlington County,2021,JCPL,14084871,143992115,NDA,103092,158180078,PSEG,673143,6950585,NDA,NDA,7623728
New Providence borough,Union,New Providence borough  Union County,2021,JCPL,45163239,31978379,3739482,444156,81325256,PSEG,4628485,1748504,102743,NDA,6479732
Newark city,Essex,Newark city  Essex County,2021,PSEG,528081513,1830717572,209353308,42143247,2610295640,PSEG,59790102,87676741,20776788,NDA,168243630
Newfield borough,Gloucester,Newfield borough  Gloucester County,2021,ACE,16678230,10222273,136475,66109,27103087,SJG,728121,148972,22452,NDA,899544
Newton town,Sussex,Newton town  Sussex County,2021,JCPL,25996301,57632384,1488398,278718,85395801,ETG,2909415,3818479,1028257,NDA,7756152
North Arlington borough,Bergen,North Arlington borough  Bergen County,2021,PSEG,39265480,22663469,336119,1047686,63312754,PSEG,4095411,2114000,38507,NDA,6247919
North Bergen township,Hudson,North Bergen township  Hudson County,2021,PSEG,118716358,260376495,11550743,4921602,395565198,PSEG,10426128,11822926,643179,NDA,22892233
North Brunswick township,Middlesex,North Brunswick township  Middlesex County,2021,PSEG,109389530,132138302,13741903,2269336,257539071,PSEG,10865161,6554930,381305,NDA,17801396
North Haledon borough,Passaic,North Haledon borough  Passaic County,2021,PSEG,30912645,11550851,184696,292175,42940367,PSEG,3710952,764316,3238,NDA,4478506
North Hanover township,Burlington,North Hanover township  Burlington County,2021,PSEG/JCPL,17976100,6503222,NDA,78471,24557793,PSEG,84873,76257,NDA,NDA,161130
North Plainfield borough,Somerset,North Plainfield borough  Somerset County,2021,PSEG,50035409,30624375,606180,1215336,82481300,PSEG,5006834,2813925,119265,NDA,7940024
Northfield city,Atlantic,Northfield city  Atlantic County,2021,ACE,28321899,29245831,NDA,439368,58007098,SJG,2655253,951183,NDA,NDA,3606436
Northvale borough,Bergen,Northvale borough  Bergen County,2021,RECO,14572675,31632447,2192623,121967,48519712,PSEG,1809606,1358699,232598,NDA,3400903
Norwood borough,Bergen,Norwood borough  Bergen County,2021,RECO,20924480,15281896,116200,62801,36385377,PSEG,2730038,731857,84369,NDA,3546263
Nutley township,Essex,Nutley township  Essex County,2021,PSEG,86414273,50995506,4980138,2076114,144466031,PSEG,9052997,3392679,7186595,NDA,19632271
Oakland borough,Bergen,Oakland borough  Bergen County,2021,RECO/PSEG,45326585,39902367,296100,295898,85820950,PSEG,5189872,2257303,122729,NDA,7569904
Oaklyn borough,Camden,Oaklyn borough  Camden County,2021,PSEG,13489334,4220777,7982,255910,17974003,PSEG,1069285,275352,1263,NDA,1345899
Ocean City city,Cape May,Ocean City city  Cape May County,2021,ACE,126616088,52149009,82640,1182270,180030007,SJG,7592443,1893102,15492,NDA,9501037
Ocean Gate borough,Ocean,Ocean Gate borough  Ocean County,2021,JCPL,9394312,1416300,149845,45384,11005841,NJNG,728364,65136,CWC,NDA,793500
Ocean township,Monmouth,Ocean township  Monmouth County,2021,JCPL/ACE,114462423,77271324,1041249,880296,193655292,NJNG,9371520,4226795,CWC,NDA,13598315
Ocean township,Ocean,Ocean township  Ocean County,2021,JCPL/ACE,38279285,18314749,15133,601482,57210649,NJNG,4260980,295633,CWC,NDA,4556613
Oceanport borough,Monmouth,Oceanport borough  Monmouth County,2021,JCPL,24785851,10023065,8558284,620951,43988151,NJNG,2339717,441161,CWC,NDA,2780878
Ogdensburg borough,Sussex,Ogdensburg borough  Sussex County,2021,JCPL,8822824,1981610,3055558,50076,13910068,ETG,321755,65360,NDA,NDA,387115
Old Bridge township,Middlesex,Old Bridge township  Middlesex County,2021,JCPL,200616040,124185193,9906265,2703267,337410765,NJNG/PSEG,16478124,8434560,2815093,NDA,27727777
Old Tappan borough,Bergen,Old Tappan borough  Bergen County,2021,RECO/PSEG,28215096,7737525,NDA,102084,36054705,PSEG,3402442,461020,1905,NDA,3865368
Oldmans township,Salem,Oldmans township  Salem County,2021,ACE,7252891,26149423,78410039,65197,111877550,SJG,252631,739472,18215790,NDA,19207893
Oxford township,Warren,Oxford township  Warren County,2021,JCPL,9740064,3877079,885239,139440,14641822,ETG,600837,138349,230806,NDA,969992
Palisades Park borough,Bergen,Palisades Park borough  Bergen County,2021,PSEG,46651286,33091525,3939379,643118,84325308,PSEG,4391858,2702435,334064,NDA,7428358
Palmyra borough,Burlington,Palmyra borough  Burlington County,2021,PSEG,26219519,10734238,1983176,522893,39459826,PSEG,1866438,633459,71650,"4,533",2576080
Paramus borough,Bergen,Paramus borough  Bergen County,2021,PSEG,87242988,320514592,3223364,3025409,414006353,PSEG,10115675,8351015,85455,NDA,18552144
Park Ridge borough,Bergen,Park Ridge borough  Bergen County,2021,MEU/PSEG,5365,NDA,NDA,NDA,5365,PSEG,3624126,822436,30465,NDA,4477027
Parsippany-Troy Hills township,Morris,Parsippany-Troy Hills township  Morris County,2021,JCPL,156971062,409027623,53502418,1618275,621119378,NJNG/PSEG,12321898,10482083,141929,NDA,22945909
Passaic city,Passaic,Passaic city  Passaic County,2021,PSEG,120031124,135964154,15132985,5799517,276927780,PSEG,12189641,8947183,643125,NDA,21779950
Paterson city,Passaic,Paterson city  Passaic County,2021,PSEG,289466693,350126554,42532058,14683624,696808929,PSEG,35407760,23525715,2840927,NDA,61774402
Paulsboro borough,Gloucester,Paulsboro borough  Gloucester County,2021,ACE,21641599,25365701,15922064,301945,63231309,SJG,1076159,2479843,53598601,NDA,57154603
Peapack and Gladstone borough,Somerset,Peapack and Gladstone borough  Somerset County,2021,JCPL,13668387,8430205,1200468,57636,23356696,PSEG,899740,752486,NDA,NDA,1652226
Pemberton borough,Burlington,Pemberton borough  Burlington County,2021,MEU/JCPL,102707,8888432,NDA,NDA,8991139,PSEG,417602,142115,988,NDA,560704
Pemberton township,Burlington,Pemberton township  Burlington County,2021,PSEG/JCPL,102749601,45889931,181560,1900867,150721959,PSEG,4412583,1708947,7024,NDA,6128553
Pennington borough,Mercer,Pennington borough  Mercer County,2021,PSEG,10907498,11564409,104026,191953,22767886,ETG,1982853,1066068,6903342,NDA,9952264
Penns Grove borough,Salem,Penns Grove borough  Salem County,2021,ACE,23997391,18446163,789701,261137,43494392,SJG,1174292,1508004,NDA,NDA,2682296
Pennsville township,Salem,Pennsville township  Salem County,2021,ACE,52422926,28508209,17833818,606886,99371839,SJG,2329264,2060461,3630119,NDA,8019844
Pequannock township,Morris,Pequannock township  Morris County,2021,JCPL,50218081,43893251,20581493,472140,115164965,PSEG,5119025,3413019,75525,NDA,8607570
Perth Amboy city,Middlesex,Perth Amboy city  Middlesex County,2021,PSEG,103106624,130328514,33761817,2557917,269754872,ETG/PSEG,20950418,12044113,41036167,NDA,74030699
Phillipsburg town,Warren,Phillipsburg town  Warren County,2021,JCPL,47166569,37998163,44311578,1040296,130516606,ETG,7317819,4040665,14802811,NDA,26161295
Pilesgrove township,Salem,Pilesgrove township  Salem County,2021,ACE,3947696,1557645,NDA,50798,5556139,SJG,429611,449220,NDA,NDA,878831
Pine Beach borough,Ocean,Pine Beach borough  Ocean County,2021,JCPL,8942589,1299279,64722,76490,10383080,NJNG,8273621,5517061,CWC,NDA,13790682
Pine Hill borough,Camden,Pine Hill borough  Camden County,2021,ACE,38596383,12196749,66870,244982,51104984,SJG,2388590,826628,NDA,NDA,3215217
Pine Valley borough,Camden,Pine Valley borough  Camden County,2021,ACE,224751,1698927,5086,NDA,1928764,SJG,10720,3271,NDA,NDA,13991
Piscataway township,Middlesex,Piscataway township  Middlesex County,2021,PSEG,132745129,698971469,59645750,3673192,895035540,PSEG,12578379,33149438,2116836,NDA,47844653
Pittsgrove township,Salem,Pittsgrove township  Salem County,2021,ACE,12373066,6107433,4659875,12825,23153199,SJG,1433912,632912,494748,NDA,2561572
Plainfield city,Union,Plainfield city  Union County,2021,PSEG,112237215,76214817,11150776,3574352,203177160,PSEG,12135519,6181735,222684,NDA,18539937
Plainsboro township,Middlesex,Plainsboro township  Middlesex County,2021,PSEG,86644833,256567306,3137320,761528,347110987,PSEG,3973277,5356794,3797536,NDA,13127607
Pleasantville city,Atlantic,Pleasantville city  Atlantic County,2021,ACE,46578791,52484309,120834,895405,100079339,SJG,4238702,2178815,1853086,NDA,8270602
Plumsted township,Ocean,Plumsted township  Ocean County,2021,JCPL/ACE,36901434,15245248,76878,157464,52381024,PSEG,1261591,387058,NDA,NDA,1648649
Pohatcong township,Warren,Pohatcong township  Warren County,2021,JCPL,14617032,14654690,1218902,95568,30586192,ETG,291439,586502,NDA,NDA,877941
Point Pleasant Beach borough,Ocean,Point Pleasant Beach borough  Ocean County,2021,JCPL,26574726,26400476,341120,324615,53640937,NJNG,2251326,1152261,CWC,NDA,3403587
Point Pleasant borough,Ocean,Point Pleasant borough  Ocean County,2021,JCPL,76352055,29465136,457767,549073,106824031,NJNG,6542759,1022368,CWC,NDA,7565127
Pompton Lakes borough,Passaic,Pompton Lakes borough  Passaic County,2021,JCPL,36688511,12235493,6823789,224952,55972745,PSEG,3584451,910263,746472,NDA,5241186
Port Republic city,Atlantic,Port Republic city  Atlantic County,2021,ACE,6064544,2099617,NDA,63443,8227604,SJG,11068,NDA,NDA,NDA,11068
Princeton,Mercer,Princeton  Mercer County,2021,PSEG,99074071,125249933,613818,1786231,226724053,PSEG,9486027,18103674,48061,NDA,27637762
Prospect Park borough,Passaic,Prospect Park borough  Passaic County,2021,PSEG,12555201,4045687,221681,163994,16986563,PSEG,1730649,200942,23790,NDA,1955381
Quinton township,Salem,Quinton township  Salem County,2021,ACE,8078892,3172664,181593,68985,11502134,SJG,4382,442,NDA,NDA,4824
Rahway city,Union,Rahway city  Union County,2021,PSEG,79606210,69810557,83932304,1914614,235263685,ETG/PSEG,14354616,6948558,35568991,NDA,56872165
Ramsey borough,Bergen,Ramsey borough  Bergen County,2021,RECO,53642213,77598955,NDA,394823,131635991,PSEG,6397077,2866540,197723,NDA,9461340
Randolph township,Morris,Randolph township  Morris County,2021,JCPL,98469057,60700280,1488924,330732,160988993,NJNG/PSEG,8413253,3608084,85,NDA,12021422
Raritan borough,Somerset,Raritan borough  Somerset County,2021,PSEG,22633077,26362050,76832829,545500,126373456,PSEG,2216595,1186012,3609937,NDA,7012544
Raritan township,Hunterdon,Raritan township  Hunterdon County,2021,JCPL,92423948,96729018,64858962,222372,254234300,ETG,13924645,5799896,101918,NDA,19826459
Readington township,Hunterdon,Readington township  Hunterdon County,2021,JCPL,75641915,47519202,15404127,188379,138753623,ETG/PSEG,5270922,2269991,160486,NDA,7701400
Red Bank borough,Monmouth,Red Bank borough  Monmouth County,2021,JCPL,38909032,83603136,26001555,216981,148730704,NJNG,2804451,3606792,CWC,NDA,6411243
Ridgefield borough,Bergen,Ridgefield borough  Bergen County,2021,PSEG,27683570,57504396,23022880,804391,109015237,PSEG,3207985,3850240,137331464,NDA,144389688
Ridgefield Park village,Bergen,Ridgefield Park village  Bergen County,2021,PSEG,31228328,58128166,1275637,502493,91134624,PSEG,3326169,1858826,89861,NDA,5274855
Ridgewood village,Bergen,Ridgewood village  Bergen County,2021,PSEG,94210464,58867119,1570822,1438547,156086952,PSEG,11401286,4395502,49124,NDA,15845911
Ringwood borough,Passaic,Ringwood borough  Passaic County,2021,RECO/JCPL,44205579,15622724,752849,177865,60759017,PSEG,3845564,571182,5680,NDA,4422426
River Edge borough,Bergen,River Edge borough  Bergen County,2021,PSEG,33713968,16939099,165717,579460,51398244,PSEG,3530937,1371888,2639,NDA,4905464
River Vale township,Bergen,River Vale township  Bergen County,2021,RECO/PSEG,37800160,12587517,NDA,386506,50774183,PSEG,4304149,510575,NDA,NDA,4814725
Riverdale borough,Morris,Riverdale borough  Morris County,2021,JCPL,14540402,20627804,4108739,45768,39322713,PSEG,1225798,763603,1202887,NDA,3192287
Riverside township,Burlington,Riverside township  Burlington County,2021,PSEG,24802987,13363938,2317972,439783,40924680,PSEG,1992422,669403,45895,NDA,2707720
Riverton borough,Burlington,Riverton borough  Burlington County,2021,PSEG,9921172,3068417,42338,116809,13148736,PSEG,913364,195928,1649,"19,714",1130655
Robbinsville township,Mercer,Robbinsville township  Mercer County,2021,PSEG/JCPL,55295459,118325474,15916,1177350,174814199,PSEG,4170392,3368934,32704,NDA,7572030
Rochelle Park township,Bergen,Rochelle Park township  Bergen County,2021,PSEG,16752674,29764652,19317329,357530,66192185,PSEG,1717497,823110,53517,NDA,2594123
Rockaway borough,Morris,Rockaway borough  Morris County,2021,JCPL,20698624,23859234,8459791,242088,53259737,NJNG,1648433,3368412,CWC,NDA,5016845
Rockaway township,Morris,Rockaway township  Morris County,2021,JCPL,92956865,92896599,131261323,662964,317777751,NJNG,4937719,7743673,CWC,NDA,12681392
Rockleigh borough,Bergen,Rockleigh borough  Bergen County,2021,RECO,1882777,27375232,NDA,39174,29297183,PSEG,216836,779895,87489,NDA,1084220
Rocky Hill borough,Somerset,Rocky Hill borough  Somerset County,2021,PSEG,2791200,1278495,200047,36308,4306050,PSEG,236064,64029,42047,NDA,342140
Roosevelt borough,Monmouth,Roosevelt borough  Monmouth County,2021,JCPL,3096799,626928,64400,38652,3826779,PSEG,310392,27892,NDA,NDA,338284
Roseland borough,Essex,Roseland borough  Essex County,2021,PSEG,23535816,55046200,5431661,809905,84823582,PSEG,2462987,1623677,383723,"4,216",4474603
Roselle borough,Union,Roselle borough  Union County,2021,PSEG,52352502,31619219,10072670,1225374,95269765,ETG,11483459,4849973,NDA,NDA,16333431
Roselle Park borough,Union,Roselle Park borough  Union County,2021,PSEG,33330017,11369732,556587,1013901,46270237,ETG,6714817,3117103,NDA,NDA,9831920
Roxbury township,Morris,Roxbury township  Morris County,2021,JCPL,83133555,82570222,8457752,678729,174840258,NJNG,5671670,2799885,CWC,NDA,8471555
Rumson borough,Monmouth,Rumson borough  Monmouth County,2021,JCPL,50531988,10554538,NDA,285396,61371922,NJNG,4399849,398623,CWC,NDA,4798472
Runnemede borough,Camden,Runnemede borough  Camden County,2021,PSEG,26945080,20482829,710710,445172,48583791,PSEG/SJG,1791157,4949609,278908,NDA,7019674
Rutherford borough,Bergen,Rutherford borough  Bergen County,2021,PSEG,51796989,93188898,7672649,1010286,153668822,PSEG,5566038,2483309,278694,NDA,8328041
Saddle Brook township,Bergen,Saddle Brook township  Bergen County,2021,PSEG,42665124,82075146,11499700,824152,137064122,PSEG,4244824,2608848,510625,NDA,7364297
Sandyston township,Sussex,Sandyston township  Sussex County,2021,JCPL,9825814,2357847,NDA,1198,12184859,ETG,NDA,NDA,NDA,NDA,0
Sayreville borough,Middlesex,Sayreville borough  Middlesex County,2021,PSEG/JCPL,127389616,116711887,373060667,2056416,619218586,PSEG,12626706,66181567,11136846,NDA,89945119
Scotch Plains township,Union,Scotch Plains township  Union County,2021,PSEG,87396719,37700907,1370170,1150485,127618281,ETG/PSEG,17092513,3360687,NDA,NDA,20453200
Sea Girt borough,Monmouth,Sea Girt borough  Monmouth County,2021,JCPL,16684506,4329813,NDA,94368,21108687,NJNG,1499849,263418,CWC,NDA,1763267
Seaside Heights borough,Ocean,Seaside Heights borough  Ocean County,2021,MEU/JCPL,176163,17987,NDA,NDA,194150,NJNG,914434,395983,CWC,NDA,1310417
Seaside Park borough,Ocean,Seaside Park borough  Ocean County,2021,JCPL,14918110,5658225,7010,199176,20782521,NJNG,1136283,150928,CWC,NDA,1287211
Secaucus town,Hudson,Secaucus town  Hudson County,2021,PSEG,56948903,707389361,8764056,2139468,775241788,PSEG,4503555,12710031,429034,NDA,17642619
Shamong township,Burlington,Shamong township  Burlington County,2021,ACE,31596479,5194148,115751,37283,36943661,SJG,1514275,458788,NDA,NDA,1973063
Shiloh borough,Cumberland,Shiloh borough  Cumberland County,2021,ACE,2119346,682223,NDA,21155,2822724,SJG,55010,11499,NDA,NDA,66509
Ship Bottom borough,Ocean,Ship Bottom borough  Ocean County,2021,ACE,13457469,8487763,8576,328742,22282550,NJNG,750168,11103,CWC,NDA,761271
Shrewsbury borough,Monmouth,Shrewsbury borough  Monmouth County,2021,JCPL,17056598,27938839,1240142,169428,46405007,NJNG,1564119,946715,CWC,NDA,2510834
Shrewsbury township,Monmouth,Shrewsbury township  Monmouth County,2021,JCPL,1559411,5067306,NDA,8424,6635141,NJNG,174700,104578,CWC,NDA,279278
Somerdale borough,Camden,Somerdale borough  Camden County,2021,PSEG/ACE,17428826,14020970,139396,309875,31899067,SJG,1538494,2513196,14248,NDA,4065939
Somerville borough,Somerset,Somerville borough  Somerset County,2021,PSEG,34401155,64730975,4904065,1264422,105300617,PSEG,2900721,3556967,57884,NDA,6515572
South Amboy city,Middlesex,South Amboy city  Middlesex County,2021,JCPL,37105486,24750078,1006604,496320,63358488,PSEG,2748630,736027,140997,NDA,3625654
South Bound Brook borough,Somerset,South Bound Brook borough  Somerset County,2021,PSEG,13873408,4497343,-34151,319168,18655768,PSEG,1120422,215847,2028,NDA,1338296
South Brunswick township,Middlesex,South Brunswick township  Middlesex County,2021,PSEG/JCPL,132107701,363878404,80930566,2913155,579829826,PSEG,13631248,14748897,2651549,NDA,31031694
South Hackensack township,Bergen,South Hackensack township  Bergen County,2021,PSEG,6077099,37134787,15873261,228674,59313821,PSEG,687662,1539154,867867,NDA,3094683
South Harrison township,Gloucester,South Harrison township  Gloucester County,2021,ACE,2788671,1369964,NDA,44435,4203070,SJG,201151,35380,NDA,NDA,236531
South Orange Village township,Essex,South Orange Village township  Essex County,2021,PSEG,56272682,54129865,2446996,1432203,114281746,PSEG,6981044,2895590,15412,"444,523",10336569
South Plainfield borough,Middlesex,South Plainfield borough  Middlesex County,2021,PSEG,69158057,162230044,59904350,1846418,293138869,PSEG,6709890,6163591,1435510,NDA,14308990
South River borough,Middlesex,South River borough  Middlesex County,2021,MEU,NDA,NDA,NDA,NDA,0,PSEG,4384801,1720872,28544,NDA,6134216
South Toms River borough,Ocean,South Toms River borough  Ocean County,2021,JCPL,10176100,6324660,1657799,89574,18248133,NJNG,819254,178351,CWC,NDA,997605
Southampton township,Burlington,Southampton township  Burlington County,2021,PSEG/JCPL,55531548,12034319,798889,808126,69172882,PSEG/SJG,1106889,255062,NDA,NDA,1361950
Sparta township,Sussex,Sparta township  Sussex County,2021,JCPL,93578796,59355230,1670406,249372,154853804,ETG,3549856,2185527,NDA,NDA,5735383
Spring Lake borough,Monmouth,Spring Lake borough  Monmouth County,2021,JCPL,25291426,10488785,NDA,273036,36053247,NJNG,1470285,531660,CWC,NDA,2001945
Spring Lake Heights borough,Monmouth,Spring Lake Heights borough  Monmouth County,2021,JCPL,21866769,7162488,NDA,178128,29207385,NJNG,1524129,565418,CWC,NDA,2089547
Springfield township,Burlington,Springfield township  Burlington County,2021,PSEG/JCPL,16406658,8924859,398190,299509,26029216,PSEG,297793,75335,NDA,NDA,373128
Springfield township,Union,Springfield township  Union County,2021,PSEG/JCPL,55192068,74259323,7023533,502824,136977748,PSEG,5361954,3517432,236715,NDA,9116101
Stafford township,Ocean,Stafford township  Ocean County,2021,ACE,119683848,94829337,205736,1650951,216369872,NJNG,563797,83720,CWC,NDA,647517
Stanhope borough,Sussex,Stanhope borough  Sussex County,2021,JCPL,15941479,4512341,1479921,121620,22055361,ETG,NDA,NDA,NDA,NDA,0
Stockton borough,Hunterdon,Stockton borough  Hunterdon County,2021,JCPL,2459825,1065350,123184,19656,3668015,ETG,328022,80349,NDA,NDA,408371
Stone Harbor borough,Cape May,Stone Harbor borough  Cape May County,2021,ACE,25527174,9590616,NDA,347558,35465348,SJG,1512481,243567,NDA,NDA,1756047
Stow Creek township,Cumberland,Stow Creek township  Cumberland County,2021,ACE,3276961,610860,NDA,NDA,3887821,SJG,12849,4964,NDA,NDA,17814
Stratford borough,Camden,Stratford borough  Camden County,2021,ACE,21409223,26302955,1904017,81839,49698034,SJG,1663430,1436513,NDA,NDA,3099943
Summit city,Union,Summit city  Union County,2021,JCPL,86858094,135243314,41811090,544972,264457470,PSEG,9390566,5773471,3154152,NDA,18318189
Surf City borough,Ocean,Surf City borough  Ocean County,2021,ACE,16561580,5054817,NDA,109727,21726124,NJNG,926807,119839,CWC,NDA,1046646
Sussex borough,Sussex,Sussex borough  Sussex County,2021,JCPL,8678498,28788355,200322,79734,37746909,ETG,416407,605331,47777,NDA,1069515
Tabernacle township,Burlington,Tabernacle township  Burlington County,2021,ACE,34221424,11092848,560876,69016,45944164,SJG,1046890,1138108,NDA,NDA,2184998
Tavistock borough,Camden,Tavistock borough  Camden County,2021,PSEG,NDA,NDA,NDA,NDA,0,PSEG,NDA,NDA,NDA,NDA,0
Teaneck township,Bergen,Teaneck township  Bergen County,2021,PSEG,123455441,99364571,891417,2267839,225979268,PSEG,13430835,4976981,61503,NDA,18469319
Tenafly borough,Bergen,Tenafly borough  Bergen County,2021,PSEG,61997702,26002128,176555,755415,88931800,PSEG,7226522,1735355,9734,NDA,8971612
Teterboro borough,Bergen,Teterboro borough  Bergen County,2021,PSEG,203098,63915522,13061096,212867,77392583,PSEG,14824,1996804,523615,NDA,2535244
Tewksbury township,Hunterdon,Tewksbury township  Hunterdon County,2021,JCPL,40673084,11021600,62998,25380,51783062,PSEG,1821071,313812,NDA,NDA,2134883
Tinton Falls borough,Monmouth,Tinton Falls borough  Monmouth County,2021,JCPL,62260654,98250117,8313091,537120,169360982,NJNG,163434,519652,CWC,NDA,683086
Toms River township,Ocean,Toms River township  Ocean County,2021,JCPL,394381307,280128117,7837385,5038527,687385336,NJNG,1687568,170022394,CWC,NDA,171709962
Totowa borough,Passaic,Totowa borough  Passaic County,2021,PSEG,35324785,131473037,62003678,833700,229635200,PSEG,4254469,3943066,1226049,NDA,9423584
Trenton city,Mercer,Trenton city  Mercer County,2021,PSEG,192430517,334896424,49610504,11561246,588498691,PSEG,23122929,12993479,6089682,"12,928",42219017
Tuckerton borough,Ocean,Tuckerton borough  Ocean County,2021,ACE,26001476,21734272,1022574,161681,48920003,NJNG,1010601,260499,CWC,NDA,1271100
Union Beach borough,Monmouth,Union Beach borough  Monmouth County,2021,JCPL,19514017,4523286,12444870,161508,36643681,NJNG,2344414,431682,CWC,NDA,2776096
Union City city,Hudson,Union City city  Hudson County,2021,PSEG,102749228,122126885,4343086,11539251,240758450,PSEG,8846899,10101274,501961,NDA,19450135
Union township,Union,Union township  Union County,2021,PSEG,145785974,212583653,40767486,3798341,402935454,ETG/PSEG,30209799,18946155,9318415,NDA,58474369
Upper Deerfield township,Cumberland,Upper Deerfield township  Cumberland County,2021,PSEG/ACE,11668830,9575126,23055694,274785,44574435,SJG,946381,832673,2184155,NDA,3963208
Upper Freehold township,Monmouth,Upper Freehold township  Monmouth County,2021,JCPL,36747790,11293356,176664,127949,48345759,PSEG,2141794,892936,NDA,NDA,3034729
Upper Pittsgrove township,Salem,Upper Pittsgrove township  Salem County,2021,ACE,17152220,9328652,671165,11508,27163545,SJG,245297,123149,NDA,NDA,368447
Upper Saddle River borough,Bergen,Upper Saddle River borough  Bergen County,2021,RECO,43911642,18186867,NDA,135713,62234222,PSEG,5948103,485321,24498,NDA,6457922
Upper township,Cape May,Upper township  Cape May County,2021,ACE,54815016,27566419,1602720,547620,84531775,SJG,1956258,1275180,4846,NDA,3236284
Ventnor City city,Atlantic,Ventnor City city  Atlantic County,2021,ACE,43457983,23906842,NDA,894572,68259397,SJG,3965325,5001375,NDA,NDA,8966700
Vernon township,Sussex,Vernon township  Sussex County,2021,RECO/JCPL,31967427,26748441,1788761,163536,60668165,ETG,2459674,1530291,NDA,NDA,3989966
Verona township,Essex,Verona township  Essex County,2021,PSEG,43124859,28671284,805154,1061548,73662845,PSEG,4788526,2143519,65770,"1,137",6998951
Victory Gardens borough,Morris,Victory Gardens borough  Morris County,2021,JCPL,3585295,1708625,NDA,34176,5328096,NJNG,286462,82772,CWC,NDA,369234
Vineland City,Cumberland,Vineland City  Cumberland County,2021,MEU/ACE,7067087,6592592,219527,3173,13882379,SJG,13060462,17077638,29924472,NDA,60062572
Waldwick borough,Bergen,Waldwick borough  Bergen County,2021,PSEG,30913012,20706815,9008613,487109,61115549,PSEG,3488879,803466,33217,NDA,4325562
Wall township,Monmouth,Wall township  Monmouth County,2021,JCPL,113432000,154936005,15890119,548844,284806968,NJNG,9649316,4253686,CWC,NDA,13903002
Walpack township,Sussex,Walpack township  Sussex County,2021,JCPL,229581,251267,NDA,504,481352,ETG,NDA,NDA,NDA,NDA,0
Wanaque borough,Passaic,Wanaque borough  Passaic County,2021,JCPL,36294068,18551898,21119847,218245,76184058,PSEG,3492444,1324049,131218,NDA,4947711
Wantage township,Sussex,Wantage township  Sussex County,2021,JCPL,15028268,15444952,512466,8268,30993954,ETG,218023,613856,NDA,NDA,831879
Warren township,Somerset,Warren township  Somerset County,2021,PSEG/JCPL,80529786,78218440,3761958,228689,162738873,PSEG,8188384,3950084,93646,NDA,12232114
Washington borough,Warren,Washington borough  Warren County,2021,JCPL,24302458,12544748,14849004,198264,51894474,ETG,3552480,1778428,1498380,NDA,6829289
Washington township,Bergen,Washington township  Bergen County,2021,PSEG,35499903,11133433,107688,319601,47060625,PSEG,3897286,533212,4184,NDA,4434682
Washington township,Burlington,Washington township  Burlington County,2021,ACE,3544212,2700143,234153,16935,6495443,NJNG,95654,3326907,CWC,NDA,3422561
Washington township,Gloucester,Washington township  Gloucester County,2021,PSEG/ACE,111522485,139022682,372472,1458135,252375774,SJG,12532236,5228088,1010820,NDA,18771144
Washington township,Warren,Washington township  Warren County,2021,JCPL,27862142,17383717,5200769,51360,50497988,ETG,2349760,942173,NDA,NDA,3291932
Watchung borough,Somerset,Watchung borough  Somerset County,2021,PSEG/JCPL,29913785,34952434,8151067,478476,73495762,PSEG,3191873,2128917,970914,NDA,6291704
Waterford township,Camden,Waterford township  Camden County,2021,ACE,49814107,18137131,834892,334474,69120604,SJG,2774553,1600241,NDA,NDA,4374794
Wayne township,Passaic,Wayne township  Passaic County,2021,PSEG/JCPL,184076543,290732647,59395311,2148176,536352677,PSEG,19897854,10841499,525893,NDA,31265246
Weehawken township,Hudson,Weehawken township  Hudson County,2021,PSEG,48239164,154569206,10112917,1404004,214325291,PSEG,2706719,2869203,114494,NDA,5690416
Wenonah borough,Gloucester,Wenonah borough  Gloucester County,2021,ACE,21978100,4951350,66735,75583,27071768,SJG,921497,54424,NDA,NDA,975921
West Amwell township,Hunterdon,West Amwell township  Hunterdon County,2021,JCPL,14610694,4103736,3323446,22920,22060796,ETG,545178,153262,NDA,NDA,698440
West Caldwell township,Essex,West Caldwell township  Essex County,2021,PSEG,37551786,74928473,30004572,792457,143277288,PSEG,4173293,3200485,1788135,281,9162194
West Deptford township,Gloucester,West Deptford township  Gloucester County,2021,PSEG/ACE,78574973,106643796,108192423,1184752,294595944,PSEG/SJG,4412464,2424237,5358953,NDA,12195654
West Long Branch borough,Monmouth,West Long Branch borough  Monmouth County,2021,JCPL,30823619,46807776,NDA,255720,77887115,NJNG,2698730,218688,CWC,NDA,2917418
West Milford township,Passaic,West Milford township  Passaic County,2021,RECO/JCPL,96410823,34451771,3474820,1140056,135477470,PSEG,5927626,1191849,32375,NDA,7151850
West New York town,Hudson,West New York town  Hudson County,2021,PSEG,89737745,93315311,1513853,3149480,187716389,PSEG,5551094,8936465,286731,NDA,14774290
West Orange township,Essex,West Orange township  Essex County,2021,PSEG,144659741,140528715,4344475,3317252,292850183,PSEG,17005249,6157537,87781,"26,926",23277493
West Wildwood borough,Cape May,West Wildwood borough  Cape May County,2021,ACE,4002939,432716,NDA,66321,4501976,SJG,271234,3219,NDA,NDA,274453
West Windsor township,Mercer,West Windsor township  Mercer County,2021,PSEG/JCPL,94277067,174472530,83844119,2265400,354859116,PSEG,9168127,4286110,8122,NDA,13462359
Westampton township,Burlington,Westampton township  Burlington County,2021,PSEG,34120212,72294057,4009535,562675,110986479,PSEG,1932923,2056081,204757,NDA,4193762
Westville borough,Gloucester,Westville borough  Gloucester County,2021,PSEG,13791845,6991677,195183,259973,21238678,PSEG,1056142,385553,18005017,NDA,19446712
Westwood borough,Bergen,Westwood borough  Bergen County,2021,PSEG,34345180,34193624,702103,863623,70104530,PSEG,3394042,2002073,14895,NDA,5411010
Weymouth township,Atlantic,Weymouth township  Atlantic County,2021,ACE,11057222,1930636,33720,56112,13077690,SJG,162536,11738,NDA,NDA,174275
Wharton borough,Morris,Wharton borough  Morris County,2021,JCPL,21588243,34233406,24289983,142644,80254276,NJNG,1674418,4388157,CWC,NDA,6062575
Wildwood city,Cape May,Wildwood city  Cape May County,2021,ACE,37929150,52665460,7268,836964,91438842,SJG,1679761,1509742,1189,NDA,3190691
Wildwood Crest Borough,Cape May,Wildwood Crest Borough  Cape May County,2021,ACE,31044455,21103753,NDA,525236,52673444,SJG,1943345,1313887,NDA,NDA,3257231
Willingboro township,Burlington,Willingboro township  Burlington County,2021,PSEG,96346464,45186781,1136349,2145372,144814966,PSEG,11364632,1636227,25629,NDA,13026488
Winfield township,Union,Winfield township  Union County,2021,PSEG,3992156,342459,NDA,76800,4411415,ETG,597363,61848,NDA,NDA,659211
Winslow township,Camden,Winslow township  Camden County,2021,ACE,133660275,88826950,14786740,1250891,238524856,SJG,8837577,2822341,1158470,NDA,12818387
Woodbine borough,Cape May,Woodbine borough  Cape May County,2021,ACE,10690802,13528294,1814909,183537,26217542,SJG,247534,288784,4737,NDA,541054
Woodbridge Township,Middlesex,Woodbridge Township  Middlesex County,2021,PSEG,262520386,388255509,157849494,6483627,815109016,ETG/PSEG,45471217,25986473,257851505,NDA,329309195
Woodbury city,Gloucester,Woodbury city  Gloucester County,2021,PSEG,32790945,44297641,1970598,870655,79929839,PSEG/SJG,2367366,1730561,16507,NDA,4114435
Woodbury Heights borough,Gloucester,Woodbury Heights borough  Gloucester County,2021,PSEG,11498458,7576512,324939,190667,19590576,PSEG/SJG,748196,511015,1833,NDA,1261043
Woodcliff Lake borough,Bergen,Woodcliff Lake borough  Bergen County,2021,PSEG,27264225,46461350,293755,546767,74566097,PSEG,3346164,650224,4011,NDA,4000399
Woodland Park borough,Passaic,Woodland Park borough  Passaic County,2021,PSEG,38535265,33556781,2064602,608162,74764810,PSEG,3619409,1896257,61105,NDA,5576771
Woodland township,Burlington,Woodland township  Burlington County,2021,JCPL/ACE,6696442,9907060,149,62449,16666100,SJG,916,NDA,NDA,NDA,916
Woodlynne borough,Camden,Woodlynne borough  Camden County,2021,PSEG,7438848,1666659,40,193718,9299265,PSEG,706496,122919,587,NDA,830003
Wood-Ridge borough,Bergen,Wood-Ridge borough  Bergen County,2021,PSEG,31127790,25017533,2315619,468318,58929260,PSEG,2822801,1082525,290445,NDA,4195771
Woodstown borough,Salem,Woodstown borough  Salem County,2021,ACE,30840151,19105936,180599,117247,50243933,SJG,769916,3200665,959,NDA,3971540
Woolwich township,Gloucester,Woolwich township  Gloucester County,2021,ACE,50618,NDA,NDA,NDA,50618,SJG,3209571,918733,52631,NDA,4180934
Wrightstown borough,Burlington,Wrightstown borough  Burlington County,2021,JCPL,3780277,9164666,4856807,96840,17898590,PSEG,125339,622687,7235,NDA,755261
Wyckoff township,Bergen,Wyckoff township  Bergen County,2021,RECO/PSEG,72477783,37184605,1375680,507055,111545123,PSEG,9024923,1957728,31898,NDA,11014550